<application>
  <component name="DimensionService">
    <location key="FileChooserDialogImpl.0.0.1404.871" x="485" y="121" />
    <location key="new project wizard.0.0.1404.871" x="338" y="0" />
    <location key="WELCOME_SCREEN.0.0.1404.871" x="705" y="367" />
    <location key="com.intellij.ide.util.TipDialog.0.0.1404.871" x="382" y="237" />
    <location key="SettingsEditor.0.0.1404.871" x="61" y="10" />
    <size key="SettingsEditor.0.0.1404.871" width="1057" height="719" />
  </component>
</application>