<application>
  <component name="KeyPromoterXStatistic">
    <option name="statistics">
      <Statistic Action="Settings...">
        <Item>
          <IdeaActionID>ShowSettings</IdeaActionID>
          <ShortCut>'Ctrl+Alt+S'</ShortCut>
          <Description>Settings...</Description>
          <Count>5</Count>
        </Item>
      </Statistic>
      <Statistic Action="VCS Operations Popup...">
        <Item>
          <IdeaActionID>Vcs.QuickListPopupAction</IdeaActionID>
          <ShortCut>'Alt+`'</ShortCut>
          <Description>VCS Operations Popup...</Description>
          <Count>1</Count>
        </Item>
      </Statistic>
    </option>
  </component>
</application>