<application>
  <component name="PropertiesComponent">
    <property name="InstalledPluginsSearchHistory" value="visualvm&#10;visua" />
    <property name="MavenModuleWizard.inheritGroupId" value="true" />
    <property name="MavenModuleWizard.inheritVersion" value="true" />
    <property name="PluginConfigurable.selectionTab" value="1" />
    <property name="TrendingPluginsSearchHistory" value="git&#10;check&#10;Translation&#10;vis&#10;ideavim" />
    <property name="ask.about.ctrl.y.shortcut" value="true" />
    <property name="cn.yiiguxing.plugin.translate.version" value="2.3.2" />
    <property name="defaultJdkConfigured" value="true" />
    <property name="file.chooser.recent.files" value="$USER_HOME$/IdeaProjects/russqiang" />
    <property name="ideavim.statistics.timestamp" value="1555923254674" />
    <property name="installed.kotlin.plugin.version" value="1.3.21-release-IJ2019.1-3" />
    <property name="jdk.selected.JAVA_MODULE" value="1.8" />
    <property name="lastTip" value="4" />
    <property name="project.wizard.group" value="org.jetbrains.idea.maven.wizards.MavenModuleBuilder" />
    <property name="project.wizard.template" value="Java" />
    <property name="tasks.pass.word.conversion.enforced" value="true" />
  </component>
</application>