<application>
  <component name="RecentProjectsManager">
    <option name="recentPaths">
      <list>
        <option value="$USER_HOME$/IdeaProjects/russqiang" />
      </list>
    </option>
    <option name="openPaths">
      <list>
        <option value="$USER_HOME$/IdeaProjects/russqiang" />
      </list>
    </option>
    <option name="lastPath" value="$USER_HOME$/IdeaProjects/russqiang" />
    <option name="pid" value="" />
    <option name="additionalInfo">
      <map>
        <entry key="$USER_HOME$/IdeaProjects/russqiang">
          <value>
            <RecentProjectMetaInfo>
              <option name="build" value="IC-191.6707.61" />
              <option name="productionCode" value="IC" />
              <option name="binFolder" value="$APPLICATION_HOME_DIR$/bin" />
              <option name="projectOpenTimestamp" value="1555947595648" />
              <option name="buildTimestamp" value="1555429188770" />
            </RecentProjectMetaInfo>
          </value>
        </entry>
      </map>
    </option>
    <option name="lastProjectLocation" value="$USER_HOME$/IdeaProjects" />
  </component>
</application>