<application>
  <component name="VimSettings">
    <state version="4" enabled="true" />
    <globalmarks />
    <filemarks>
      <file name="/fragment.java" timestamp="1555947656030">
        <mark key="[" line="0" column="0" />
      </file>
    </filemarks>
    <jumps />
    <registers />
    <search>
      <last-dir>0</last-dir>
      <show-last>false</show-last>
    </search>
    <history>
      <history-search />
      <history-cmd />
      <history-expr />
      <history-input />
    </history>
    <shortcut-conflicts />
  </component>
</application>